,Morning Workout,Breakfast,Job Search / Project Review,Work Hours,Afternoon Walk,Snack/Refresh,Job Search,Minimum of 4 GitHub Commits,Afternoon Workout,Dinner / Chores,Free Time,Plan for Tomorrow
2025-01-01,Not Completed,Not Completed,Not Completed,Not Completed,Not Completed,Not Completed,Not Completed,Not Completed,Not Completed,Not Completed,Not Completed,Not Completed
2025-01-02,Not Completed,Completed,Completed,Completed,Not Completed,Completed,Completed,Completed,Completed,Completed,Completed,Completed
2025-01-03,Not Completed,Completed,Completed,Not Completed,Completed,Completed,Completed,Completed,Completed,Completed,Completed,Completed
2025-01-04,Completed,Completed,Not Completed,Not Completed,Completed,Completed,Not Completed,Completed,Completed,Completed,Completed,Completed
2025-01-05,Not Completed,Completed,Not Completed,Not Completed,Not Completed,Completed,Not Completed,Not Completed,Completed,Completed,Completed,Completed
2025-01-06,Not Completed,Completed,Completed,Completed,Completed,Completed,Completed,Completed,Completed,Completed,Completed,Completed
2025-01-07,Not Completed,Not Completed,Completed,Not Completed,Not Completed,Completed,Completed,Completed,Not Completed,Completed,Not Completed,Completed
2025-01-08,Not Completed,Not Completed,Completed,Completed,Completed,Completed,Completed,Completed,Not Completed,Completed,Completed,Completed
2025-01-09,Not Completed,Completed,Completed,Completed,Completed,Completed,Completed,Completed,Not Completed,Not Completed,Completed,Completed
2025-01-10,Not Completed,Not Completed,Not Completed,Not Completed,Not Completed,Not Completed,Not Completed,Not Completed,Not Completed,Not Completed,Not Completed,
2025-01-11,Not Completed,Not Completed,Not Completed,Not Completed,Not Completed,Not Completed,Not Completed,Not Completed,Not Completed,Not Completed,Not Completed,
2025-01-12,Not Completed,Not Completed,Not Completed,Not Completed,Not Completed,Not Completed,Not Completed,Not Completed,Not Completed,Not Completed,Not Completed,
2025-01-13,Not Completed,Not Completed,Not Completed,Not Completed,Not Completed,Not Completed,Not Completed,Not Completed,Not Completed,Not Completed,Not Completed,
2025-01-14,Not Completed,Not Completed,Not Completed,Not Completed,Not Completed,Not Completed,Not Completed,Not Completed,Not Completed,Not Completed,Not Completed,
2025-01-15,Not Completed,Not Completed,Not Completed,Not Completed,Not Completed,Not Completed,Not Completed,Not Completed,Not Completed,Not Completed,Not Completed,
2025-01-16,Not Completed,Not Completed,Not Completed,Not Completed,Not Completed,Not Completed,Not Completed,Not Completed,Not Completed,Not Completed,Not Completed,
2025-01-17,Not Completed,Not Completed,Not Completed,Not Completed,Not Completed,Not Completed,Not Completed,Not Completed,Not Completed,Not Completed,Not Completed,
2025-01-18,Not Completed,Not Completed,Not Completed,Not Completed,Not Completed,Not Completed,Not Completed,Not Completed,Not Completed,Not Completed,Not Completed,
2025-01-19,Not Completed,Not Completed,Not Completed,Not Completed,Not Completed,Not Completed,Not Completed,Not Completed,Not Completed,Not Completed,Not Completed,
2025-01-20,Not Completed,Not Completed,Not Completed,Not Completed,Not Completed,Not Completed,Not Completed,Not Completed,Not Completed,Not Completed,Not Completed,
2025-01-21,Not Completed,Not Completed,Not Completed,Not Completed,Not Completed,Not Completed,Not Completed,Not Completed,Not Completed,Not Completed,Not Completed,
2025-01-22,Not Completed,Not Completed,Not Completed,Not Completed,Not Completed,Not Completed,Not Completed,Not Completed,Not Completed,Not Completed,Not Completed,
2025-01-23,Not Completed,Not Completed,Not Completed,Not Completed,Not Completed,Not Completed,Not Completed,Not Completed,Not Completed,Not Completed,Not Completed,
2025-01-24,Not Completed,Not Completed,Not Completed,Not Completed,Not Completed,Not Completed,Not Completed,Not Completed,Not Completed,Not Completed,Not Completed,
2025-01-25,Not Completed,Not Completed,Not Completed,Not Completed,Not Completed,Not Completed,Not Completed,Not Completed,Not Completed,Not Completed,Not Completed,
2025-01-26,Not Completed,Not Completed,Not Completed,Not Completed,Not Completed,Not Completed,Not Completed,Not Completed,Not Completed,Not Completed,Not Completed,
2025-01-27,Not Completed,Not Completed,Not Completed,Not Completed,Not Completed,Not Completed,Not Completed,Not Completed,Not Completed,Not Completed,Not Completed,
2025-01-28,Not Completed,Not Completed,Not Completed,Not Completed,Not Completed,Not Completed,Not Completed,Not Completed,Not Completed,Not Completed,Not Completed,
2025-01-29,Not Completed,Not Completed,Not Completed,Not Completed,Not Completed,Not Completed,Not Completed,Not Completed,Not Completed,Not Completed,Not Completed,
2025-01-30,Not Completed,Not Completed,Not Completed,Not Completed,Not Completed,Not Completed,Not Completed,Not Completed,Not Completed,Not Completed,Not Completed,
2025-01-31,Not Completed,Not Completed,Not Completed,Not Completed,Not Completed,Not Completed,Not Completed,Not Completed,Not Completed,Not Completed,Not Completed,
2025-02-01,Not Completed,Not Completed,Not Completed,Not Completed,Not Completed,Not Completed,Not Completed,Not Completed,Not Completed,Not Completed,Not Completed,
2025-02-02,Not Completed,Not Completed,Not Completed,Not Completed,Not Completed,Not Completed,Not Completed,Not Completed,Not Completed,Not Completed,Not Completed,
2025-02-03,Not Completed,Not Completed,Not Completed,Not Completed,Not Completed,Not Completed,Not Completed,Not Completed,Not Completed,Not Completed,Not Completed,
2025-02-04,Not Completed,Not Completed,Not Completed,Not Completed,Not Completed,Not Completed,Not Completed,Not Completed,Not Completed,Not Completed,Not Completed,
2025-02-05,Not Completed,Not Completed,Not Completed,Not Completed,Not Completed,Not Completed,Not Completed,Not Completed,Not Completed,Not Completed,Not Completed,
2025-02-06,Not Completed,Not Completed,Not Completed,Not Completed,Not Completed,Not Completed,Not Completed,Not Completed,Not Completed,Not Completed,Not Completed,
2025-02-07,Not Completed,Not Completed,Not Completed,Not Completed,Not Completed,Not Completed,Not Completed,Not Completed,Not Completed,Not Completed,Not Completed,
2025-02-08,Not Completed,Not Completed,Not Completed,Not Completed,Not Completed,Not Completed,Not Completed,Not Completed,Not Completed,Not Completed,Not Completed,
2025-02-09,Not Completed,Not Completed,Not Completed,Not Completed,Not Completed,Not Completed,Not Completed,Not Completed,Not Completed,Not Completed,Not Completed,
2025-02-10,Not Completed,Not Completed,Not Completed,Not Completed,Not Completed,Not Completed,Not Completed,Not Completed,Not Completed,Not Completed,Not Completed,
2025-02-11,Not Completed,Not Completed,Not Completed,Not Completed,Not Completed,Not Completed,Not Completed,Not Completed,Not Completed,Not Completed,Not Completed,
2025-02-12,Not Completed,Not Completed,Not Completed,Not Completed,Not Completed,Not Completed,Not Completed,Not Completed,Not Completed,Not Completed,Not Completed,
2025-02-13,Not Completed,Not Completed,Not Completed,Not Completed,Not Completed,Not Completed,Not Completed,Not Completed,Not Completed,Not Completed,Not Completed,
2025-02-14,Not Completed,Not Completed,Not Completed,Not Completed,Not Completed,Not Completed,Not Completed,Not Completed,Not Completed,Not Completed,Not Completed,
2025-02-15,Not Completed,Not Completed,Not Completed,Not Completed,Not Completed,Not Completed,Not Completed,Not Completed,Not Completed,Not Completed,Not Completed,
2025-02-16,Not Completed,Not Completed,Not Completed,Not Completed,Not Completed,Not Completed,Not Completed,Not Completed,Not Completed,Not Completed,Not Completed,
2025-02-17,Not Completed,Not Completed,Not Completed,Not Completed,Not Completed,Not Completed,Not Completed,Not Completed,Not Completed,Not Completed,Not Completed,
2025-02-18,Not Completed,Not Completed,Not Completed,Not Completed,Not Completed,Not Completed,Not Completed,Not Completed,Not Completed,Not Completed,Not Completed,
2025-02-19,Not Completed,Not Completed,Not Completed,Not Completed,Not Completed,Not Completed,Not Completed,Not Completed,Not Completed,Not Completed,Not Completed,
2025-02-20,Not Completed,Not Completed,Not Completed,Not Completed,Not Completed,Not Completed,Not Completed,Not Completed,Not Completed,Not Completed,Not Completed,
2025-02-21,Not Completed,Not Completed,Not Completed,Not Completed,Not Completed,Not Completed,Not Completed,Not Completed,Not Completed,Not Completed,Not Completed,
2025-02-22,Not Completed,Not Completed,Not Completed,Not Completed,Not Completed,Not Completed,Not Completed,Not Completed,Not Completed,Not Completed,Not Completed,
2025-02-23,Not Completed,Not Completed,Not Completed,Not Completed,Not Completed,Not Completed,Not Completed,Not Completed,Not Completed,Not Completed,Not Completed,
2025-02-24,Not Completed,Not Completed,Not Completed,Not Completed,Not Completed,Not Completed,Not Completed,Not Completed,Not Completed,Not Completed,Not Completed,
2025-02-25,Not Completed,Not Completed,Not Completed,Not Completed,Not Completed,Not Completed,Not Completed,Not Completed,Not Completed,Not Completed,Not Completed,
2025-02-26,Not Completed,Not Completed,Not Completed,Not Completed,Not Completed,Not Completed,Not Completed,Not Completed,Not Completed,Not Completed,Not Completed,
2025-02-27,Not Completed,Not Completed,Not Completed,Not Completed,Not Completed,Not Completed,Not Completed,Not Completed,Not Completed,Not Completed,Not Completed,
2025-02-28,Not Completed,Not Completed,Not Completed,Not Completed,Not Completed,Not Completed,Not Completed,Not Completed,Not Completed,Not Completed,Not Completed,
2025-03-01,Not Completed,Not Completed,Not Completed,Not Completed,Not Completed,Not Completed,Not Completed,Not Completed,Not Completed,Not Completed,Not Completed,
2025-03-02,Not Completed,Not Completed,Not Completed,Not Completed,Not Completed,Not Completed,Not Completed,Not Completed,Not Completed,Not Completed,Not Completed,
2025-03-03,Not Completed,Not Completed,Not Completed,Not Completed,Not Completed,Not Completed,Not Completed,Not Completed,Not Completed,Not Completed,Not Completed,
2025-03-04,Not Completed,Not Completed,Not Completed,Not Completed,Not Completed,Not Completed,Not Completed,Not Completed,Not Completed,Not Completed,Not Completed,
2025-03-05,Not Completed,Not Completed,Not Completed,Not Completed,Not Completed,Not Completed,Not Completed,Not Completed,Not Completed,Not Completed,Not Completed,
2025-03-06,Not Completed,Not Completed,Not Completed,Not Completed,Not Completed,Not Completed,Not Completed,Not Completed,Not Completed,Not Completed,Not Completed,
2025-03-07,Not Completed,Not Completed,Not Completed,Not Completed,Not Completed,Not Completed,Not Completed,Not Completed,Not Completed,Not Completed,Not Completed,
2025-03-08,Not Completed,Not Completed,Not Completed,Not Completed,Not Completed,Not Completed,Not Completed,Not Completed,Not Completed,Not Completed,Not Completed,
2025-03-09,Not Completed,Not Completed,Not Completed,Not Completed,Not Completed,Not Completed,Not Completed,Not Completed,Not Completed,Not Completed,Not Completed,
2025-03-10,Not Completed,Not Completed,Not Completed,Not Completed,Not Completed,Not Completed,Not Completed,Not Completed,Not Completed,Not Completed,Not Completed,
2025-03-11,Not Completed,Not Completed,Not Completed,Not Completed,Not Completed,Not Completed,Not Completed,Not Completed,Not Completed,Not Completed,Not Completed,
2025-03-12,Not Completed,Not Completed,Not Completed,Not Completed,Not Completed,Not Completed,Not Completed,Not Completed,Not Completed,Not Completed,Not Completed,
2025-03-13,Not Completed,Not Completed,Not Completed,Not Completed,Not Completed,Not Completed,Not Completed,Not Completed,Not Completed,Not Completed,Not Completed,
2025-03-14,Not Completed,Not Completed,Not Completed,Not Completed,Not Completed,Not Completed,Not Completed,Not Completed,Not Completed,Not Completed,Not Completed,
2025-03-15,Not Completed,Not Completed,Not Completed,Not Completed,Not Completed,Not Completed,Not Completed,Not Completed,Not Completed,Not Completed,Not Completed,
2025-03-16,Not Completed,Not Completed,Not Completed,Not Completed,Not Completed,Not Completed,Not Completed,Not Completed,Not Completed,Not Completed,Not Completed,
2025-03-17,Not Completed,Not Completed,Not Completed,Not Completed,Not Completed,Not Completed,Not Completed,Not Completed,Not Completed,Not Completed,Not Completed,
2025-03-18,Not Completed,Not Completed,Not Completed,Not Completed,Not Completed,Not Completed,Not Completed,Not Completed,Not Completed,Not Completed,Not Completed,
2025-03-19,Not Completed,Not Completed,Not Completed,Not Completed,Not Completed,Not Completed,Not Completed,Not Completed,Not Completed,Not Completed,Not Completed,
2025-03-20,Not Completed,Not Completed,Not Completed,Not Completed,Not Completed,Not Completed,Not Completed,Not Completed,Not Completed,Not Completed,Not Completed,
2025-03-21,Not Completed,Not Completed,Not Completed,Not Completed,Not Completed,Not Completed,Not Completed,Not Completed,Not Completed,Not Completed,Not Completed,
2025-03-22,Not Completed,Not Completed,Not Completed,Not Completed,Not Completed,Not Completed,Not Completed,Not Completed,Not Completed,Not Completed,Not Completed,
2025-03-23,Not Completed,Not Completed,Not Completed,Not Completed,Not Completed,Not Completed,Not Completed,Not Completed,Not Completed,Not Completed,Not Completed,
2025-03-24,Not Completed,Not Completed,Not Completed,Not Completed,Not Completed,Not Completed,Not Completed,Not Completed,Not Completed,Not Completed,Not Completed,
2025-03-25,Not Completed,Not Completed,Not Completed,Not Completed,Not Completed,Not Completed,Not Completed,Not Completed,Not Completed,Not Completed,Not Completed,
2025-03-26,Not Completed,Not Completed,Not Completed,Not Completed,Not Completed,Not Completed,Not Completed,Not Completed,Not Completed,Not Completed,Not Completed,
2025-03-27,Not Completed,Not Completed,Not Completed,Not Completed,Not Completed,Not Completed,Not Completed,Not Completed,Not Completed,Not Completed,Not Completed,
2025-03-28,Not Completed,Not Completed,Not Completed,Not Completed,Not Completed,Not Completed,Not Completed,Not Completed,Not Completed,Not Completed,Not Completed,
2025-03-29,Not Completed,Not Completed,Not Completed,Not Completed,Not Completed,Not Completed,Not Completed,Not Completed,Not Completed,Not Completed,Not Completed,
2025-03-30,Not Completed,Not Completed,Not Completed,Not Completed,Not Completed,Not Completed,Not Completed,Not Completed,Not Completed,Not Completed,Not Completed,
2025-03-31,Not Completed,Not Completed,Not Completed,Not Completed,Not Completed,Not Completed,Not Completed,Not Completed,Not Completed,Not Completed,Not Completed,
2025-04-01,Not Completed,Not Completed,Not Completed,Not Completed,Not Completed,Not Completed,Not Completed,Not Completed,Not Completed,Not Completed,Not Completed,
2025-04-02,Not Completed,Not Completed,Not Completed,Not Completed,Not Completed,Not Completed,Not Completed,Not Completed,Not Completed,Not Completed,Not Completed,
2025-04-03,Not Completed,Not Completed,Not Completed,Not Completed,Not Completed,Not Completed,Not Completed,Not Completed,Not Completed,Not Completed,Not Completed,
2025-04-04,Not Completed,Not Completed,Not Completed,Not Completed,Not Completed,Not Completed,Not Completed,Not Completed,Not Completed,Not Completed,Not Completed,
2025-04-05,Not Completed,Not Completed,Not Completed,Not Completed,Not Completed,Not Completed,Not Completed,Not Completed,Not Completed,Not Completed,Not Completed,
2025-04-06,Not Completed,Not Completed,Not Completed,Not Completed,Not Completed,Not Completed,Not Completed,Not Completed,Not Completed,Not Completed,Not Completed,
2025-04-07,Not Completed,Not Completed,Not Completed,Not Completed,Not Completed,Not Completed,Not Completed,Not Completed,Not Completed,Not Completed,Not Completed,
2025-04-08,Not Completed,Not Completed,Not Completed,Not Completed,Not Completed,Not Completed,Not Completed,Not Completed,Not Completed,Not Completed,Not Completed,
2025-04-09,Not Completed,Not Completed,Not Completed,Not Completed,Not Completed,Not Completed,Not Completed,Not Completed,Not Completed,Not Completed,Not Completed,
2025-04-10,Not Completed,Not Completed,Not Completed,Not Completed,Not Completed,Not Completed,Not Completed,Not Completed,Not Completed,Not Completed,Not Completed,
2025-04-11,Not Completed,Not Completed,Not Completed,Not Completed,Not Completed,Not Completed,Not Completed,Not Completed,Not Completed,Not Completed,Not Completed,
2025-04-12,Not Completed,Not Completed,Not Completed,Not Completed,Not Completed,Not Completed,Not Completed,Not Completed,Not Completed,Not Completed,Not Completed,
2025-04-13,Not Completed,Not Completed,Not Completed,Not Completed,Not Completed,Not Completed,Not Completed,Not Completed,Not Completed,Not Completed,Not Completed,
2025-04-14,Not Completed,Not Completed,Not Completed,Not Completed,Not Completed,Not Completed,Not Completed,Not Completed,Not Completed,Not Completed,Not Completed,
2025-04-15,Not Completed,Not Completed,Not Completed,Not Completed,Not Completed,Not Completed,Not Completed,Not Completed,Not Completed,Not Completed,Not Completed,
2025-04-16,Not Completed,Not Completed,Not Completed,Not Completed,Not Completed,Not Completed,Not Completed,Not Completed,Not Completed,Not Completed,Not Completed,
2025-04-17,Not Completed,Not Completed,Not Completed,Not Completed,Not Completed,Not Completed,Not Completed,Not Completed,Not Completed,Not Completed,Not Completed,
2025-04-18,Not Completed,Not Completed,Not Completed,Not Completed,Not Completed,Not Completed,Not Completed,Not Completed,Not Completed,Not Completed,Not Completed,
2025-04-19,Not Completed,Not Completed,Not Completed,Not Completed,Not Completed,Not Completed,Not Completed,Not Completed,Not Completed,Not Completed,Not Completed,
2025-04-20,Not Completed,Not Completed,Not Completed,Not Completed,Not Completed,Not Completed,Not Completed,Not Completed,Not Completed,Not Completed,Not Completed,
2025-04-21,Not Completed,Not Completed,Not Completed,Not Completed,Not Completed,Not Completed,Not Completed,Not Completed,Not Completed,Not Completed,Not Completed,
2025-04-22,Not Completed,Not Completed,Not Completed,Not Completed,Not Completed,Not Completed,Not Completed,Not Completed,Not Completed,Not Completed,Not Completed,
2025-04-23,Not Completed,Not Completed,Not Completed,Not Completed,Not Completed,Not Completed,Not Completed,Not Completed,Not Completed,Not Completed,Not Completed,
2025-04-24,Not Completed,Not Completed,Not Completed,Not Completed,Not Completed,Not Completed,Not Completed,Not Completed,Not Completed,Not Completed,Not Completed,
2025-04-25,Not Completed,Not Completed,Not Completed,Not Completed,Not Completed,Not Completed,Not Completed,Not Completed,Not Completed,Not Completed,Not Completed,
2025-04-26,Not Completed,Not Completed,Not Completed,Not Completed,Not Completed,Not Completed,Not Completed,Not Completed,Not Completed,Not Completed,Not Completed,
2025-04-27,Not Completed,Not Completed,Not Completed,Not Completed,Not Completed,Not Completed,Not Completed,Not Completed,Not Completed,Not Completed,Not Completed,
2025-04-28,Not Completed,Not Completed,Not Completed,Not Completed,Not Completed,Not Completed,Not Completed,Not Completed,Not Completed,Not Completed,Not Completed,
2025-04-29,Not Completed,Not Completed,Not Completed,Not Completed,Not Completed,Not Completed,Not Completed,Not Completed,Not Completed,Not Completed,Not Completed,
2025-04-30,Not Completed,Not Completed,Not Completed,Not Completed,Not Completed,Not Completed,Not Completed,Not Completed,Not Completed,Not Completed,Not Completed,
2025-05-01,Not Completed,Not Completed,Not Completed,Not Completed,Not Completed,Not Completed,Not Completed,Not Completed,Not Completed,Not Completed,Not Completed,
2025-05-02,Not Completed,Not Completed,Not Completed,Not Completed,Not Completed,Not Completed,Not Completed,Not Completed,Not Completed,Not Completed,Not Completed,
2025-05-03,Not Completed,Not Completed,Not Completed,Not Completed,Not Completed,Not Completed,Not Completed,Not Completed,Not Completed,Not Completed,Not Completed,
2025-05-04,Not Completed,Not Completed,Not Completed,Not Completed,Not Completed,Not Completed,Not Completed,Not Completed,Not Completed,Not Completed,Not Completed,
2025-05-05,Not Completed,Not Completed,Not Completed,Not Completed,Not Completed,Not Completed,Not Completed,Not Completed,Not Completed,Not Completed,Not Completed,
2025-05-06,Not Completed,Not Completed,Not Completed,Not Completed,Not Completed,Not Completed,Not Completed,Not Completed,Not Completed,Not Completed,Not Completed,
2025-05-07,Not Completed,Not Completed,Not Completed,Not Completed,Not Completed,Not Completed,Not Completed,Not Completed,Not Completed,Not Completed,Not Completed,
2025-05-08,Not Completed,Not Completed,Not Completed,Not Completed,Not Completed,Not Completed,Not Completed,Not Completed,Not Completed,Not Completed,Not Completed,
2025-05-09,Not Completed,Not Completed,Not Completed,Not Completed,Not Completed,Not Completed,Not Completed,Not Completed,Not Completed,Not Completed,Not Completed,
2025-05-10,Not Completed,Not Completed,Not Completed,Not Completed,Not Completed,Not Completed,Not Completed,Not Completed,Not Completed,Not Completed,Not Completed,
2025-05-11,Not Completed,Not Completed,Not Completed,Not Completed,Not Completed,Not Completed,Not Completed,Not Completed,Not Completed,Not Completed,Not Completed,
2025-05-12,Not Completed,Not Completed,Not Completed,Not Completed,Not Completed,Not Completed,Not Completed,Not Completed,Not Completed,Not Completed,Not Completed,
2025-05-13,Not Completed,Not Completed,Not Completed,Not Completed,Not Completed,Not Completed,Not Completed,Not Completed,Not Completed,Not Completed,Not Completed,
2025-05-14,Not Completed,Not Completed,Not Completed,Not Completed,Not Completed,Not Completed,Not Completed,Not Completed,Not Completed,Not Completed,Not Completed,
2025-05-15,Not Completed,Not Completed,Not Completed,Not Completed,Not Completed,Not Completed,Not Completed,Not Completed,Not Completed,Not Completed,Not Completed,
2025-05-16,Not Completed,Not Completed,Not Completed,Not Completed,Not Completed,Not Completed,Not Completed,Not Completed,Not Completed,Not Completed,Not Completed,
2025-05-17,Not Completed,Not Completed,Not Completed,Not Completed,Not Completed,Not Completed,Not Completed,Not Completed,Not Completed,Not Completed,Not Completed,
2025-05-18,Not Completed,Not Completed,Not Completed,Not Completed,Not Completed,Not Completed,Not Completed,Not Completed,Not Completed,Not Completed,Not Completed,
2025-05-19,Not Completed,Not Completed,Not Completed,Not Completed,Not Completed,Not Completed,Not Completed,Not Completed,Not Completed,Not Completed,Not Completed,
2025-05-20,Not Completed,Not Completed,Not Completed,Not Completed,Not Completed,Not Completed,Not Completed,Not Completed,Not Completed,Not Completed,Not Completed,
2025-05-21,Not Completed,Not Completed,Not Completed,Not Completed,Not Completed,Not Completed,Not Completed,Not Completed,Not Completed,Not Completed,Not Completed,
2025-05-22,Not Completed,Not Completed,Not Completed,Not Completed,Not Completed,Not Completed,Not Completed,Not Completed,Not Completed,Not Completed,Not Completed,
2025-05-23,Not Completed,Not Completed,Not Completed,Not Completed,Not Completed,Not Completed,Not Completed,Not Completed,Not Completed,Not Completed,Not Completed,
2025-05-24,Not Completed,Not Completed,Not Completed,Not Completed,Not Completed,Not Completed,Not Completed,Not Completed,Not Completed,Not Completed,Not Completed,
2025-05-25,Not Completed,Not Completed,Not Completed,Not Completed,Not Completed,Not Completed,Not Completed,Not Completed,Not Completed,Not Completed,Not Completed,
2025-05-26,Not Completed,Not Completed,Not Completed,Not Completed,Not Completed,Not Completed,Not Completed,Not Completed,Not Completed,Not Completed,Not Completed,
2025-05-27,Not Completed,Not Completed,Not Completed,Not Completed,Not Completed,Not Completed,Not Completed,Not Completed,Not Completed,Not Completed,Not Completed,
2025-05-28,Not Completed,Not Completed,Not Completed,Not Completed,Not Completed,Not Completed,Not Completed,Not Completed,Not Completed,Not Completed,Not Completed,
2025-05-29,Not Completed,Not Completed,Not Completed,Not Completed,Not Completed,Not Completed,Not Completed,Not Completed,Not Completed,Not Completed,Not Completed,
2025-05-30,Not Completed,Not Completed,Not Completed,Not Completed,Not Completed,Not Completed,Not Completed,Not Completed,Not Completed,Not Completed,Not Completed,
2025-05-31,Not Completed,Not Completed,Not Completed,Not Completed,Not Completed,Not Completed,Not Completed,Not Completed,Not Completed,Not Completed,Not Completed,
2025-06-01,Not Completed,Not Completed,Not Completed,Not Completed,Not Completed,Not Completed,Not Completed,Not Completed,Not Completed,Not Completed,Not Completed,
2025-06-02,Not Completed,Not Completed,Not Completed,Not Completed,Not Completed,Not Completed,Not Completed,Not Completed,Not Completed,Not Completed,Not Completed,
2025-06-03,Not Completed,Not Completed,Not Completed,Not Completed,Not Completed,Not Completed,Not Completed,Not Completed,Not Completed,Not Completed,Not Completed,
2025-06-04,Not Completed,Not Completed,Not Completed,Not Completed,Not Completed,Not Completed,Not Completed,Not Completed,Not Completed,Not Completed,Not Completed,
2025-06-05,Not Completed,Not Completed,Not Completed,Not Completed,Not Completed,Not Completed,Not Completed,Not Completed,Not Completed,Not Completed,Not Completed,
2025-06-06,Not Completed,Not Completed,Not Completed,Not Completed,Not Completed,Not Completed,Not Completed,Not Completed,Not Completed,Not Completed,Not Completed,
2025-06-07,Not Completed,Not Completed,Not Completed,Not Completed,Not Completed,Not Completed,Not Completed,Not Completed,Not Completed,Not Completed,Not Completed,
2025-06-08,Not Completed,Not Completed,Not Completed,Not Completed,Not Completed,Not Completed,Not Completed,Not Completed,Not Completed,Not Completed,Not Completed,
2025-06-09,Not Completed,Not Completed,Not Completed,Not Completed,Not Completed,Not Completed,Not Completed,Not Completed,Not Completed,Not Completed,Not Completed,
2025-06-10,Not Completed,Not Completed,Not Completed,Not Completed,Not Completed,Not Completed,Not Completed,Not Completed,Not Completed,Not Completed,Not Completed,
2025-06-11,Not Completed,Not Completed,Not Completed,Not Completed,Not Completed,Not Completed,Not Completed,Not Completed,Not Completed,Not Completed,Not Completed,
2025-06-12,Not Completed,Not Completed,Not Completed,Not Completed,Not Completed,Not Completed,Not Completed,Not Completed,Not Completed,Not Completed,Not Completed,
2025-06-13,Not Completed,Not Completed,Not Completed,Not Completed,Not Completed,Not Completed,Not Completed,Not Completed,Not Completed,Not Completed,Not Completed,
2025-06-14,Not Completed,Not Completed,Not Completed,Not Completed,Not Completed,Not Completed,Not Completed,Not Completed,Not Completed,Not Completed,Not Completed,
2025-06-15,Not Completed,Not Completed,Not Completed,Not Completed,Not Completed,Not Completed,Not Completed,Not Completed,Not Completed,Not Completed,Not Completed,
2025-06-16,Not Completed,Not Completed,Not Completed,Not Completed,Not Completed,Not Completed,Not Completed,Not Completed,Not Completed,Not Completed,Not Completed,
2025-06-17,Not Completed,Not Completed,Not Completed,Not Completed,Not Completed,Not Completed,Not Completed,Not Completed,Not Completed,Not Completed,Not Completed,
2025-06-18,Not Completed,Not Completed,Not Completed,Not Completed,Not Completed,Not Completed,Not Completed,Not Completed,Not Completed,Not Completed,Not Completed,
2025-06-19,Not Completed,Not Completed,Not Completed,Not Completed,Not Completed,Not Completed,Not Completed,Not Completed,Not Completed,Not Completed,Not Completed,
2025-06-20,Not Completed,Not Completed,Not Completed,Not Completed,Not Completed,Not Completed,Not Completed,Not Completed,Not Completed,Not Completed,Not Completed,
2025-06-21,Not Completed,Not Completed,Not Completed,Not Completed,Not Completed,Not Completed,Not Completed,Not Completed,Not Completed,Not Completed,Not Completed,
2025-06-22,Not Completed,Not Completed,Not Completed,Not Completed,Not Completed,Not Completed,Not Completed,Not Completed,Not Completed,Not Completed,Not Completed,
2025-06-23,Not Completed,Not Completed,Not Completed,Not Completed,Not Completed,Not Completed,Not Completed,Not Completed,Not Completed,Not Completed,Not Completed,
2025-06-24,Not Completed,Not Completed,Not Completed,Not Completed,Not Completed,Not Completed,Not Completed,Not Completed,Not Completed,Not Completed,Not Completed,
2025-06-25,Not Completed,Not Completed,Not Completed,Not Completed,Not Completed,Not Completed,Not Completed,Not Completed,Not Completed,Not Completed,Not Completed,
2025-06-26,Not Completed,Not Completed,Not Completed,Not Completed,Not Completed,Not Completed,Not Completed,Not Completed,Not Completed,Not Completed,Not Completed,
2025-06-27,Not Completed,Not Completed,Not Completed,Not Completed,Not Completed,Not Completed,Not Completed,Not Completed,Not Completed,Not Completed,Not Completed,
2025-06-28,Not Completed,Not Completed,Not Completed,Not Completed,Not Completed,Not Completed,Not Completed,Not Completed,Not Completed,Not Completed,Not Completed,
2025-06-29,Not Completed,Not Completed,Not Completed,Not Completed,Not Completed,Not Completed,Not Completed,Not Completed,Not Completed,Not Completed,Not Completed,
2025-06-30,Not Completed,Not Completed,Not Completed,Not Completed,Not Completed,Not Completed,Not Completed,Not Completed,Not Completed,Not Completed,Not Completed,
2025-07-01,Not Completed,Not Completed,Not Completed,Not Completed,Not Completed,Not Completed,Not Completed,Not Completed,Not Completed,Not Completed,Not Completed,
2025-07-02,Not Completed,Not Completed,Not Completed,Not Completed,Not Completed,Not Completed,Not Completed,Not Completed,Not Completed,Not Completed,Not Completed,
2025-07-03,Not Completed,Not Completed,Not Completed,Not Completed,Not Completed,Not Completed,Not Completed,Not Completed,Not Completed,Not Completed,Not Completed,
2025-07-04,Not Completed,Not Completed,Not Completed,Not Completed,Not Completed,Not Completed,Not Completed,Not Completed,Not Completed,Not Completed,Not Completed,
2025-07-05,Not Completed,Not Completed,Not Completed,Not Completed,Not Completed,Not Completed,Not Completed,Not Completed,Not Completed,Not Completed,Not Completed,
2025-07-06,Not Completed,Not Completed,Not Completed,Not Completed,Not Completed,Not Completed,Not Completed,Not Completed,Not Completed,Not Completed,Not Completed,
2025-07-07,Not Completed,Not Completed,Not Completed,Not Completed,Not Completed,Not Completed,Not Completed,Not Completed,Not Completed,Not Completed,Not Completed,
2025-07-08,Not Completed,Not Completed,Not Completed,Not Completed,Not Completed,Not Completed,Not Completed,Not Completed,Not Completed,Not Completed,Not Completed,
2025-07-09,Not Completed,Not Completed,Not Completed,Not Completed,Not Completed,Not Completed,Not Completed,Not Completed,Not Completed,Not Completed,Not Completed,
2025-07-10,Not Completed,Not Completed,Not Completed,Not Completed,Not Completed,Not Completed,Not Completed,Not Completed,Not Completed,Not Completed,Not Completed,
2025-07-11,Not Completed,Not Completed,Not Completed,Not Completed,Not Completed,Not Completed,Not Completed,Not Completed,Not Completed,Not Completed,Not Completed,
2025-07-12,Not Completed,Not Completed,Not Completed,Not Completed,Not Completed,Not Completed,Not Completed,Not Completed,Not Completed,Not Completed,Not Completed,
2025-07-13,Not Completed,Not Completed,Not Completed,Not Completed,Not Completed,Not Completed,Not Completed,Not Completed,Not Completed,Not Completed,Not Completed,
2025-07-14,Not Completed,Not Completed,Not Completed,Not Completed,Not Completed,Not Completed,Not Completed,Not Completed,Not Completed,Not Completed,Not Completed,
2025-07-15,Not Completed,Not Completed,Not Completed,Not Completed,Not Completed,Not Completed,Not Completed,Not Completed,Not Completed,Not Completed,Not Completed,
2025-07-16,Not Completed,Not Completed,Not Completed,Not Completed,Not Completed,Not Completed,Not Completed,Not Completed,Not Completed,Not Completed,Not Completed,
2025-07-17,Not Completed,Not Completed,Not Completed,Not Completed,Not Completed,Not Completed,Not Completed,Not Completed,Not Completed,Not Completed,Not Completed,
2025-07-18,Not Completed,Not Completed,Not Completed,Not Completed,Not Completed,Not Completed,Not Completed,Not Completed,Not Completed,Not Completed,Not Completed,
2025-07-19,Not Completed,Not Completed,Not Completed,Not Completed,Not Completed,Not Completed,Not Completed,Not Completed,Not Completed,Not Completed,Not Completed,
2025-07-20,Not Completed,Not Completed,Not Completed,Not Completed,Not Completed,Not Completed,Not Completed,Not Completed,Not Completed,Not Completed,Not Completed,
2025-07-21,Not Completed,Not Completed,Not Completed,Not Completed,Not Completed,Not Completed,Not Completed,Not Completed,Not Completed,Not Completed,Not Completed,
2025-07-22,Not Completed,Not Completed,Not Completed,Not Completed,Not Completed,Not Completed,Not Completed,Not Completed,Not Completed,Not Completed,Not Completed,
2025-07-23,Not Completed,Not Completed,Not Completed,Not Completed,Not Completed,Not Completed,Not Completed,Not Completed,Not Completed,Not Completed,Not Completed,
2025-07-24,Not Completed,Not Completed,Not Completed,Not Completed,Not Completed,Not Completed,Not Completed,Not Completed,Not Completed,Not Completed,Not Completed,
2025-07-25,Not Completed,Not Completed,Not Completed,Not Completed,Not Completed,Not Completed,Not Completed,Not Completed,Not Completed,Not Completed,Not Completed,
2025-07-26,Not Completed,Not Completed,Not Completed,Not Completed,Not Completed,Not Completed,Not Completed,Not Completed,Not Completed,Not Completed,Not Completed,
2025-07-27,Not Completed,Not Completed,Not Completed,Not Completed,Not Completed,Not Completed,Not Completed,Not Completed,Not Completed,Not Completed,Not Completed,
2025-07-28,Not Completed,Not Completed,Not Completed,Not Completed,Not Completed,Not Completed,Not Completed,Not Completed,Not Completed,Not Completed,Not Completed,
2025-07-29,Not Completed,Not Completed,Not Completed,Not Completed,Not Completed,Not Completed,Not Completed,Not Completed,Not Completed,Not Completed,Not Completed,
2025-07-30,Not Completed,Not Completed,Not Completed,Not Completed,Not Completed,Not Completed,Not Completed,Not Completed,Not Completed,Not Completed,Not Completed,
2025-07-31,Not Completed,Not Completed,Not Completed,Not Completed,Not Completed,Not Completed,Not Completed,Not Completed,Not Completed,Not Completed,Not Completed,
2025-08-01,Not Completed,Not Completed,Not Completed,Not Completed,Not Completed,Not Completed,Not Completed,Not Completed,Not Completed,Not Completed,Not Completed,
2025-08-02,Not Completed,Not Completed,Not Completed,Not Completed,Not Completed,Not Completed,Not Completed,Not Completed,Not Completed,Not Completed,Not Completed,
2025-08-03,Not Completed,Not Completed,Not Completed,Not Completed,Not Completed,Not Completed,Not Completed,Not Completed,Not Completed,Not Completed,Not Completed,
2025-08-04,Not Completed,Not Completed,Not Completed,Not Completed,Not Completed,Not Completed,Not Completed,Not Completed,Not Completed,Not Completed,Not Completed,
2025-08-05,Not Completed,Not Completed,Not Completed,Not Completed,Not Completed,Not Completed,Not Completed,Not Completed,Not Completed,Not Completed,Not Completed,
2025-08-06,Not Completed,Not Completed,Not Completed,Not Completed,Not Completed,Not Completed,Not Completed,Not Completed,Not Completed,Not Completed,Not Completed,
2025-08-07,Not Completed,Not Completed,Not Completed,Not Completed,Not Completed,Not Completed,Not Completed,Not Completed,Not Completed,Not Completed,Not Completed,
2025-08-08,Not Completed,Not Completed,Not Completed,Not Completed,Not Completed,Not Completed,Not Completed,Not Completed,Not Completed,Not Completed,Not Completed,
2025-08-09,Not Completed,Not Completed,Not Completed,Not Completed,Not Completed,Not Completed,Not Completed,Not Completed,Not Completed,Not Completed,Not Completed,
2025-08-10,Not Completed,Not Completed,Not Completed,Not Completed,Not Completed,Not Completed,Not Completed,Not Completed,Not Completed,Not Completed,Not Completed,
2025-08-11,Not Completed,Not Completed,Not Completed,Not Completed,Not Completed,Not Completed,Not Completed,Not Completed,Not Completed,Not Completed,Not Completed,
2025-08-12,Not Completed,Not Completed,Not Completed,Not Completed,Not Completed,Not Completed,Not Completed,Not Completed,Not Completed,Not Completed,Not Completed,
2025-08-13,Not Completed,Not Completed,Not Completed,Not Completed,Not Completed,Not Completed,Not Completed,Not Completed,Not Completed,Not Completed,Not Completed,
2025-08-14,Not Completed,Not Completed,Not Completed,Not Completed,Not Completed,Not Completed,Not Completed,Not Completed,Not Completed,Not Completed,Not Completed,
2025-08-15,Not Completed,Not Completed,Not Completed,Not Completed,Not Completed,Not Completed,Not Completed,Not Completed,Not Completed,Not Completed,Not Completed,
2025-08-16,Not Completed,Not Completed,Not Completed,Not Completed,Not Completed,Not Completed,Not Completed,Not Completed,Not Completed,Not Completed,Not Completed,
2025-08-17,Not Completed,Not Completed,Not Completed,Not Completed,Not Completed,Not Completed,Not Completed,Not Completed,Not Completed,Not Completed,Not Completed,
2025-08-18,Not Completed,Not Completed,Not Completed,Not Completed,Not Completed,Not Completed,Not Completed,Not Completed,Not Completed,Not Completed,Not Completed,
2025-08-19,Not Completed,Not Completed,Not Completed,Not Completed,Not Completed,Not Completed,Not Completed,Not Completed,Not Completed,Not Completed,Not Completed,
2025-08-20,Not Completed,Not Completed,Not Completed,Not Completed,Not Completed,Not Completed,Not Completed,Not Completed,Not Completed,Not Completed,Not Completed,
2025-08-21,Not Completed,Not Completed,Not Completed,Not Completed,Not Completed,Not Completed,Not Completed,Not Completed,Not Completed,Not Completed,Not Completed,
2025-08-22,Not Completed,Not Completed,Not Completed,Not Completed,Not Completed,Not Completed,Not Completed,Not Completed,Not Completed,Not Completed,Not Completed,
2025-08-23,Not Completed,Not Completed,Not Completed,Not Completed,Not Completed,Not Completed,Not Completed,Not Completed,Not Completed,Not Completed,Not Completed,
2025-08-24,Not Completed,Not Completed,Not Completed,Not Completed,Not Completed,Not Completed,Not Completed,Not Completed,Not Completed,Not Completed,Not Completed,
2025-08-25,Not Completed,Not Completed,Not Completed,Not Completed,Not Completed,Not Completed,Not Completed,Not Completed,Not Completed,Not Completed,Not Completed,
2025-08-26,Not Completed,Not Completed,Not Completed,Not Completed,Not Completed,Not Completed,Not Completed,Not Completed,Not Completed,Not Completed,Not Completed,
2025-08-27,Not Completed,Not Completed,Not Completed,Not Completed,Not Completed,Not Completed,Not Completed,Not Completed,Not Completed,Not Completed,Not Completed,
2025-08-28,Not Completed,Not Completed,Not Completed,Not Completed,Not Completed,Not Completed,Not Completed,Not Completed,Not Completed,Not Completed,Not Completed,
2025-08-29,Not Completed,Not Completed,Not Completed,Not Completed,Not Completed,Not Completed,Not Completed,Not Completed,Not Completed,Not Completed,Not Completed,
2025-08-30,Not Completed,Not Completed,Not Completed,Not Completed,Not Completed,Not Completed,Not Completed,Not Completed,Not Completed,Not Completed,Not Completed,
2025-08-31,Not Completed,Not Completed,Not Completed,Not Completed,Not Completed,Not Completed,Not Completed,Not Completed,Not Completed,Not Completed,Not Completed,
2025-09-01,Not Completed,Not Completed,Not Completed,Not Completed,Not Completed,Not Completed,Not Completed,Not Completed,Not Completed,Not Completed,Not Completed,
2025-09-02,Not Completed,Not Completed,Not Completed,Not Completed,Not Completed,Not Completed,Not Completed,Not Completed,Not Completed,Not Completed,Not Completed,
2025-09-03,Not Completed,Not Completed,Not Completed,Not Completed,Not Completed,Not Completed,Not Completed,Not Completed,Not Completed,Not Completed,Not Completed,
2025-09-04,Not Completed,Not Completed,Not Completed,Not Completed,Not Completed,Not Completed,Not Completed,Not Completed,Not Completed,Not Completed,Not Completed,
2025-09-05,Not Completed,Not Completed,Not Completed,Not Completed,Not Completed,Not Completed,Not Completed,Not Completed,Not Completed,Not Completed,Not Completed,
2025-09-06,Not Completed,Not Completed,Not Completed,Not Completed,Not Completed,Not Completed,Not Completed,Not Completed,Not Completed,Not Completed,Not Completed,
2025-09-07,Not Completed,Not Completed,Not Completed,Not Completed,Not Completed,Not Completed,Not Completed,Not Completed,Not Completed,Not Completed,Not Completed,
2025-09-08,Not Completed,Not Completed,Not Completed,Not Completed,Not Completed,Not Completed,Not Completed,Not Completed,Not Completed,Not Completed,Not Completed,
2025-09-09,Not Completed,Not Completed,Not Completed,Not Completed,Not Completed,Not Completed,Not Completed,Not Completed,Not Completed,Not Completed,Not Completed,
2025-09-10,Not Completed,Not Completed,Not Completed,Not Completed,Not Completed,Not Completed,Not Completed,Not Completed,Not Completed,Not Completed,Not Completed,
2025-09-11,Not Completed,Not Completed,Not Completed,Not Completed,Not Completed,Not Completed,Not Completed,Not Completed,Not Completed,Not Completed,Not Completed,
2025-09-12,Not Completed,Not Completed,Not Completed,Not Completed,Not Completed,Not Completed,Not Completed,Not Completed,Not Completed,Not Completed,Not Completed,
2025-09-13,Not Completed,Not Completed,Not Completed,Not Completed,Not Completed,Not Completed,Not Completed,Not Completed,Not Completed,Not Completed,Not Completed,
2025-09-14,Not Completed,Not Completed,Not Completed,Not Completed,Not Completed,Not Completed,Not Completed,Not Completed,Not Completed,Not Completed,Not Completed,
2025-09-15,Not Completed,Not Completed,Not Completed,Not Completed,Not Completed,Not Completed,Not Completed,Not Completed,Not Completed,Not Completed,Not Completed,
2025-09-16,Not Completed,Not Completed,Not Completed,Not Completed,Not Completed,Not Completed,Not Completed,Not Completed,Not Completed,Not Completed,Not Completed,
2025-09-17,Not Completed,Not Completed,Not Completed,Not Completed,Not Completed,Not Completed,Not Completed,Not Completed,Not Completed,Not Completed,Not Completed,
2025-09-18,Not Completed,Not Completed,Not Completed,Not Completed,Not Completed,Not Completed,Not Completed,Not Completed,Not Completed,Not Completed,Not Completed,
2025-09-19,Not Completed,Not Completed,Not Completed,Not Completed,Not Completed,Not Completed,Not Completed,Not Completed,Not Completed,Not Completed,Not Completed,
2025-09-20,Not Completed,Not Completed,Not Completed,Not Completed,Not Completed,Not Completed,Not Completed,Not Completed,Not Completed,Not Completed,Not Completed,
2025-09-21,Not Completed,Not Completed,Not Completed,Not Completed,Not Completed,Not Completed,Not Completed,Not Completed,Not Completed,Not Completed,Not Completed,
2025-09-22,Not Completed,Not Completed,Not Completed,Not Completed,Not Completed,Not Completed,Not Completed,Not Completed,Not Completed,Not Completed,Not Completed,
2025-09-23,Not Completed,Not Completed,Not Completed,Not Completed,Not Completed,Not Completed,Not Completed,Not Completed,Not Completed,Not Completed,Not Completed,
2025-09-24,Not Completed,Not Completed,Not Completed,Not Completed,Not Completed,Not Completed,Not Completed,Not Completed,Not Completed,Not Completed,Not Completed,
2025-09-25,Not Completed,Not Completed,Not Completed,Not Completed,Not Completed,Not Completed,Not Completed,Not Completed,Not Completed,Not Completed,Not Completed,
2025-09-26,Not Completed,Not Completed,Not Completed,Not Completed,Not Completed,Not Completed,Not Completed,Not Completed,Not Completed,Not Completed,Not Completed,
2025-09-27,Not Completed,Not Completed,Not Completed,Not Completed,Not Completed,Not Completed,Not Completed,Not Completed,Not Completed,Not Completed,Not Completed,
2025-09-28,Not Completed,Not Completed,Not Completed,Not Completed,Not Completed,Not Completed,Not Completed,Not Completed,Not Completed,Not Completed,Not Completed,
2025-09-29,Not Completed,Not Completed,Not Completed,Not Completed,Not Completed,Not Completed,Not Completed,Not Completed,Not Completed,Not Completed,Not Completed,
2025-09-30,Not Completed,Not Completed,Not Completed,Not Completed,Not Completed,Not Completed,Not Completed,Not Completed,Not Completed,Not Completed,Not Completed,
2025-10-01,Not Completed,Not Completed,Not Completed,Not Completed,Not Completed,Not Completed,Not Completed,Not Completed,Not Completed,Not Completed,Not Completed,
2025-10-02,Not Completed,Not Completed,Not Completed,Not Completed,Not Completed,Not Completed,Not Completed,Not Completed,Not Completed,Not Completed,Not Completed,
2025-10-03,Not Completed,Not Completed,Not Completed,Not Completed,Not Completed,Not Completed,Not Completed,Not Completed,Not Completed,Not Completed,Not Completed,
2025-10-04,Not Completed,Not Completed,Not Completed,Not Completed,Not Completed,Not Completed,Not Completed,Not Completed,Not Completed,Not Completed,Not Completed,
2025-10-05,Not Completed,Not Completed,Not Completed,Not Completed,Not Completed,Not Completed,Not Completed,Not Completed,Not Completed,Not Completed,Not Completed,
2025-10-06,Not Completed,Not Completed,Not Completed,Not Completed,Not Completed,Not Completed,Not Completed,Not Completed,Not Completed,Not Completed,Not Completed,
2025-10-07,Not Completed,Not Completed,Not Completed,Not Completed,Not Completed,Not Completed,Not Completed,Not Completed,Not Completed,Not Completed,Not Completed,
2025-10-08,Not Completed,Not Completed,Not Completed,Not Completed,Not Completed,Not Completed,Not Completed,Not Completed,Not Completed,Not Completed,Not Completed,
2025-10-09,Not Completed,Not Completed,Not Completed,Not Completed,Not Completed,Not Completed,Not Completed,Not Completed,Not Completed,Not Completed,Not Completed,
2025-10-10,Not Completed,Not Completed,Not Completed,Not Completed,Not Completed,Not Completed,Not Completed,Not Completed,Not Completed,Not Completed,Not Completed,
2025-10-11,Not Completed,Not Completed,Not Completed,Not Completed,Not Completed,Not Completed,Not Completed,Not Completed,Not Completed,Not Completed,Not Completed,
2025-10-12,Not Completed,Not Completed,Not Completed,Not Completed,Not Completed,Not Completed,Not Completed,Not Completed,Not Completed,Not Completed,Not Completed,
2025-10-13,Not Completed,Not Completed,Not Completed,Not Completed,Not Completed,Not Completed,Not Completed,Not Completed,Not Completed,Not Completed,Not Completed,
2025-10-14,Not Completed,Not Completed,Not Completed,Not Completed,Not Completed,Not Completed,Not Completed,Not Completed,Not Completed,Not Completed,Not Completed,
2025-10-15,Not Completed,Not Completed,Not Completed,Not Completed,Not Completed,Not Completed,Not Completed,Not Completed,Not Completed,Not Completed,Not Completed,
2025-10-16,Not Completed,Not Completed,Not Completed,Not Completed,Not Completed,Not Completed,Not Completed,Not Completed,Not Completed,Not Completed,Not Completed,
2025-10-17,Not Completed,Not Completed,Not Completed,Not Completed,Not Completed,Not Completed,Not Completed,Not Completed,Not Completed,Not Completed,Not Completed,
2025-10-18,Not Completed,Not Completed,Not Completed,Not Completed,Not Completed,Not Completed,Not Completed,Not Completed,Not Completed,Not Completed,Not Completed,
2025-10-19,Not Completed,Not Completed,Not Completed,Not Completed,Not Completed,Not Completed,Not Completed,Not Completed,Not Completed,Not Completed,Not Completed,
2025-10-20,Not Completed,Not Completed,Not Completed,Not Completed,Not Completed,Not Completed,Not Completed,Not Completed,Not Completed,Not Completed,Not Completed,
2025-10-21,Not Completed,Not Completed,Not Completed,Not Completed,Not Completed,Not Completed,Not Completed,Not Completed,Not Completed,Not Completed,Not Completed,
2025-10-22,Not Completed,Not Completed,Not Completed,Not Completed,Not Completed,Not Completed,Not Completed,Not Completed,Not Completed,Not Completed,Not Completed,
2025-10-23,Not Completed,Not Completed,Not Completed,Not Completed,Not Completed,Not Completed,Not Completed,Not Completed,Not Completed,Not Completed,Not Completed,
2025-10-24,Not Completed,Not Completed,Not Completed,Not Completed,Not Completed,Not Completed,Not Completed,Not Completed,Not Completed,Not Completed,Not Completed,
2025-10-25,Not Completed,Not Completed,Not Completed,Not Completed,Not Completed,Not Completed,Not Completed,Not Completed,Not Completed,Not Completed,Not Completed,
2025-10-26,Not Completed,Not Completed,Not Completed,Not Completed,Not Completed,Not Completed,Not Completed,Not Completed,Not Completed,Not Completed,Not Completed,
2025-10-27,Not Completed,Not Completed,Not Completed,Not Completed,Not Completed,Not Completed,Not Completed,Not Completed,Not Completed,Not Completed,Not Completed,
2025-10-28,Not Completed,Not Completed,Not Completed,Not Completed,Not Completed,Not Completed,Not Completed,Not Completed,Not Completed,Not Completed,Not Completed,
2025-10-29,Not Completed,Not Completed,Not Completed,Not Completed,Not Completed,Not Completed,Not Completed,Not Completed,Not Completed,Not Completed,Not Completed,
2025-10-30,Not Completed,Not Completed,Not Completed,Not Completed,Not Completed,Not Completed,Not Completed,Not Completed,Not Completed,Not Completed,Not Completed,
2025-10-31,Not Completed,Not Completed,Not Completed,Not Completed,Not Completed,Not Completed,Not Completed,Not Completed,Not Completed,Not Completed,Not Completed,
2025-11-01,Not Completed,Not Completed,Not Completed,Not Completed,Not Completed,Not Completed,Not Completed,Not Completed,Not Completed,Not Completed,Not Completed,
2025-11-02,Not Completed,Not Completed,Not Completed,Not Completed,Not Completed,Not Completed,Not Completed,Not Completed,Not Completed,Not Completed,Not Completed,
2025-11-03,Not Completed,Not Completed,Not Completed,Not Completed,Not Completed,Not Completed,Not Completed,Not Completed,Not Completed,Not Completed,Not Completed,
2025-11-04,Not Completed,Not Completed,Not Completed,Not Completed,Not Completed,Not Completed,Not Completed,Not Completed,Not Completed,Not Completed,Not Completed,
2025-11-05,Not Completed,Not Completed,Not Completed,Not Completed,Not Completed,Not Completed,Not Completed,Not Completed,Not Completed,Not Completed,Not Completed,
2025-11-06,Not Completed,Not Completed,Not Completed,Not Completed,Not Completed,Not Completed,Not Completed,Not Completed,Not Completed,Not Completed,Not Completed,
2025-11-07,Not Completed,Not Completed,Not Completed,Not Completed,Not Completed,Not Completed,Not Completed,Not Completed,Not Completed,Not Completed,Not Completed,
2025-11-08,Not Completed,Not Completed,Not Completed,Not Completed,Not Completed,Not Completed,Not Completed,Not Completed,Not Completed,Not Completed,Not Completed,
2025-11-09,Not Completed,Not Completed,Not Completed,Not Completed,Not Completed,Not Completed,Not Completed,Not Completed,Not Completed,Not Completed,Not Completed,
2025-11-10,Not Completed,Not Completed,Not Completed,Not Completed,Not Completed,Not Completed,Not Completed,Not Completed,Not Completed,Not Completed,Not Completed,
2025-11-11,Not Completed,Not Completed,Not Completed,Not Completed,Not Completed,Not Completed,Not Completed,Not Completed,Not Completed,Not Completed,Not Completed,
2025-11-12,Not Completed,Not Completed,Not Completed,Not Completed,Not Completed,Not Completed,Not Completed,Not Completed,Not Completed,Not Completed,Not Completed,
2025-11-13,Not Completed,Not Completed,Not Completed,Not Completed,Not Completed,Not Completed,Not Completed,Not Completed,Not Completed,Not Completed,Not Completed,
2025-11-14,Not Completed,Not Completed,Not Completed,Not Completed,Not Completed,Not Completed,Not Completed,Not Completed,Not Completed,Not Completed,Not Completed,
2025-11-15,Not Completed,Not Completed,Not Completed,Not Completed,Not Completed,Not Completed,Not Completed,Not Completed,Not Completed,Not Completed,Not Completed,
2025-11-16,Not Completed,Not Completed,Not Completed,Not Completed,Not Completed,Not Completed,Not Completed,Not Completed,Not Completed,Not Completed,Not Completed,
2025-11-17,Not Completed,Not Completed,Not Completed,Not Completed,Not Completed,Not Completed,Not Completed,Not Completed,Not Completed,Not Completed,Not Completed,
2025-11-18,Not Completed,Not Completed,Not Completed,Not Completed,Not Completed,Not Completed,Not Completed,Not Completed,Not Completed,Not Completed,Not Completed,
2025-11-19,Not Completed,Not Completed,Not Completed,Not Completed,Not Completed,Not Completed,Not Completed,Not Completed,Not Completed,Not Completed,Not Completed,
2025-11-20,Not Completed,Not Completed,Not Completed,Not Completed,Not Completed,Not Completed,Not Completed,Not Completed,Not Completed,Not Completed,Not Completed,
2025-11-21,Not Completed,Not Completed,Not Completed,Not Completed,Not Completed,Not Completed,Not Completed,Not Completed,Not Completed,Not Completed,Not Completed,
2025-11-22,Not Completed,Not Completed,Not Completed,Not Completed,Not Completed,Not Completed,Not Completed,Not Completed,Not Completed,Not Completed,Not Completed,
2025-11-23,Not Completed,Not Completed,Not Completed,Not Completed,Not Completed,Not Completed,Not Completed,Not Completed,Not Completed,Not Completed,Not Completed,
2025-11-24,Not Completed,Not Completed,Not Completed,Not Completed,Not Completed,Not Completed,Not Completed,Not Completed,Not Completed,Not Completed,Not Completed,
2025-11-25,Not Completed,Not Completed,Not Completed,Not Completed,Not Completed,Not Completed,Not Completed,Not Completed,Not Completed,Not Completed,Not Completed,
2025-11-26,Not Completed,Not Completed,Not Completed,Not Completed,Not Completed,Not Completed,Not Completed,Not Completed,Not Completed,Not Completed,Not Completed,
2025-11-27,Not Completed,Not Completed,Not Completed,Not Completed,Not Completed,Not Completed,Not Completed,Not Completed,Not Completed,Not Completed,Not Completed,
2025-11-28,Not Completed,Not Completed,Not Completed,Not Completed,Not Completed,Not Completed,Not Completed,Not Completed,Not Completed,Not Completed,Not Completed,
2025-11-29,Not Completed,Not Completed,Not Completed,Not Completed,Not Completed,Not Completed,Not Completed,Not Completed,Not Completed,Not Completed,Not Completed,
2025-11-30,Not Completed,Not Completed,Not Completed,Not Completed,Not Completed,Not Completed,Not Completed,Not Completed,Not Completed,Not Completed,Not Completed,
2025-12-01,Not Completed,Not Completed,Not Completed,Not Completed,Not Completed,Not Completed,Not Completed,Not Completed,Not Completed,Not Completed,Not Completed,
2025-12-02,Not Completed,Not Completed,Not Completed,Not Completed,Not Completed,Not Completed,Not Completed,Not Completed,Not Completed,Not Completed,Not Completed,
2025-12-03,Not Completed,Not Completed,Not Completed,Not Completed,Not Completed,Not Completed,Not Completed,Not Completed,Not Completed,Not Completed,Not Completed,
2025-12-04,Not Completed,Not Completed,Not Completed,Not Completed,Not Completed,Not Completed,Not Completed,Not Completed,Not Completed,Not Completed,Not Completed,
2025-12-05,Not Completed,Not Completed,Not Completed,Not Completed,Not Completed,Not Completed,Not Completed,Not Completed,Not Completed,Not Completed,Not Completed,
2025-12-06,Not Completed,Not Completed,Not Completed,Not Completed,Not Completed,Not Completed,Not Completed,Not Completed,Not Completed,Not Completed,Not Completed,
2025-12-07,Not Completed,Not Completed,Not Completed,Not Completed,Not Completed,Not Completed,Not Completed,Not Completed,Not Completed,Not Completed,Not Completed,
2025-12-08,Not Completed,Not Completed,Not Completed,Not Completed,Not Completed,Not Completed,Not Completed,Not Completed,Not Completed,Not Completed,Not Completed,
2025-12-09,Not Completed,Not Completed,Not Completed,Not Completed,Not Completed,Not Completed,Not Completed,Not Completed,Not Completed,Not Completed,Not Completed,
2025-12-10,Not Completed,Not Completed,Not Completed,Not Completed,Not Completed,Not Completed,Not Completed,Not Completed,Not Completed,Not Completed,Not Completed,
2025-12-11,Not Completed,Not Completed,Not Completed,Not Completed,Not Completed,Not Completed,Not Completed,Not Completed,Not Completed,Not Completed,Not Completed,
2025-12-12,Not Completed,Not Completed,Not Completed,Not Completed,Not Completed,Not Completed,Not Completed,Not Completed,Not Completed,Not Completed,Not Completed,
2025-12-13,Not Completed,Not Completed,Not Completed,Not Completed,Not Completed,Not Completed,Not Completed,Not Completed,Not Completed,Not Completed,Not Completed,
2025-12-14,Not Completed,Not Completed,Not Completed,Not Completed,Not Completed,Not Completed,Not Completed,Not Completed,Not Completed,Not Completed,Not Completed,
2025-12-15,Not Completed,Not Completed,Not Completed,Not Completed,Not Completed,Not Completed,Not Completed,Not Completed,Not Completed,Not Completed,Not Completed,
2025-12-16,Not Completed,Not Completed,Not Completed,Not Completed,Not Completed,Not Completed,Not Completed,Not Completed,Not Completed,Not Completed,Not Completed,
2025-12-17,Not Completed,Not Completed,Not Completed,Not Completed,Not Completed,Not Completed,Not Completed,Not Completed,Not Completed,Not Completed,Not Completed,
2025-12-18,Not Completed,Not Completed,Not Completed,Not Completed,Not Completed,Not Completed,Not Completed,Not Completed,Not Completed,Not Completed,Not Completed,
2025-12-19,Not Completed,Not Completed,Not Completed,Not Completed,Not Completed,Not Completed,Not Completed,Not Completed,Not Completed,Not Completed,Not Completed,
2025-12-20,Not Completed,Not Completed,Not Completed,Not Completed,Not Completed,Not Completed,Not Completed,Not Completed,Not Completed,Not Completed,Not Completed,
2025-12-21,Not Completed,Not Completed,Not Completed,Not Completed,Not Completed,Not Completed,Not Completed,Not Completed,Not Completed,Not Completed,Not Completed,
2025-12-22,Not Completed,Not Completed,Not Completed,Not Completed,Not Completed,Not Completed,Not Completed,Not Completed,Not Completed,Not Completed,Not Completed,
2025-12-23,Not Completed,Not Completed,Not Completed,Not Completed,Not Completed,Not Completed,Not Completed,Not Completed,Not Completed,Not Completed,Not Completed,
2025-12-24,Not Completed,Not Completed,Not Completed,Not Completed,Not Completed,Not Completed,Not Completed,Not Completed,Not Completed,Not Completed,Not Completed,
2025-12-25,Not Completed,Not Completed,Not Completed,Not Completed,Not Completed,Not Completed,Not Completed,Not Completed,Not Completed,Not Completed,Not Completed,
2025-12-26,Not Completed,Not Completed,Not Completed,Not Completed,Not Completed,Not Completed,Not Completed,Not Completed,Not Completed,Not Completed,Not Completed,
2025-12-27,Not Completed,Not Completed,Not Completed,Not Completed,Not Completed,Not Completed,Not Completed,Not Completed,Not Completed,Not Completed,Not Completed,
2025-12-28,Not Completed,Not Completed,Not Completed,Not Completed,Not Completed,Not Completed,Not Completed,Not Completed,Not Completed,Not Completed,Not Completed,
2025-12-29,Not Completed,Not Completed,Not Completed,Not Completed,Not Completed,Not Completed,Not Completed,Not Completed,Not Completed,Not Completed,Not Completed,
2025-12-30,Not Completed,Not Completed,Not Completed,Not Completed,Not Completed,Not Completed,Not Completed,Not Completed,Not Completed,Not Completed,Not Completed,
2025-12-31,Not Completed,Not Completed,Not Completed,Not Completed,Not Completed,Not Completed,Not Completed,Not Completed,Not Completed,Not Completed,Not Completed,
